{"cameraMode":{"drawMode":0,"name":"Shaded","section":"Shading Mode"},"sceneLighting":false,"audioPlay":false,"sceneViewState":{"m_AlwaysRefresh":false,"showFog":true,"showSkybox":false,"showFlares":true,"showImageEffects":true,"showParticleSystems":true,"showVisualEffectGraphs":true,"m_FxEnabled":true},"in2DMode":false,"pivot":{"x":-2.4086270332336427,"y":0.23208332061767579,"z":9.546297073364258},"rotation":{"x":0.17823833227157594,"y":-0.6121554970741272,"z":0.14420056343078614,"w":0.7568457126617432},"size":1.1737419366836548,"orthographic":false}