{"cameraMode":{"drawMode":0,"name":"Shaded","section":"Shading Mode"},"sceneLighting":false,"audioPlay":false,"sceneViewState":{"m_AlwaysRefresh":false,"showFog":true,"showSkybox":false,"showFlares":true,"showImageEffects":true,"showParticleSystems":true,"showVisualEffectGraphs":true,"m_FxEnabled":true},"in2DMode":false,"pivot":{"x":-31.186351776123048,"y":4.361685276031494,"z":10.063150405883789},"rotation":{"x":0.17823833227157594,"y":-0.6121554970741272,"z":0.14420056343078614,"w":0.7568457126617432},"size":0.2052493542432785,"orthographic":false}