{"cameraMode":{"drawMode":0,"name":"Shaded","section":"Shading Mode"},"sceneLighting":true,"audioPlay":false,"sceneViewState":{"m_AlwaysRefresh":false,"showFog":true,"showSkybox":true,"showFlares":true,"showImageEffects":true,"showParticleSystems":true,"showVisualEffectGraphs":true,"m_FxEnabled":true},"in2DMode":false,"pivot":{"x":-1.5792737007141114,"y":0.4076966643333435,"z":-0.3858789801597595},"rotation":{"x":0.07851023972034455,"y":0.6194296479225159,"z":0.06245831400156021,"w":-0.7786532044410706},"size":0.17344355583190919,"orthographic":false}